,userid,biz_sect_cd_nm,mbr_sex_cd_nm,mbr_step_cd_nm,user_grade_nm,mbr_status_cd_nm,grade_sect_cd,status,re_purch
0,777f81e8-c221-4771-9d77-f053e9252ed8,초등,남,유료학습생,초3학년,사용,G013,10,FALSE
1,91745902-cd00-4e9d-910e-d4f3101adf21,초등,남,유료학습생,초6학년,사용,G016,10,TRUE
2,88efda5e-cd2e-4b7b-8a06-7b0acb67a884,초등,여,유료학습생,초2학년,사용,G012,30,FALSE
3,b1d5bfed-00a5-4f9f-b3e5-d7a07f272850,초등,남,유료학습생,초5학년,사용,G015,10,TRUE
4,2eb9a149-90e1-4ef3-85f7-90553d15d125,초등,남,유료학습생,초4학년,사용,G014,10,FALSE
5,5d5548ca-24d1-4c8f-ab14-91db93551360,초등,여,유료학습생,초6학년,사용,G016,10,TRUE
6,ed8c5a63-c787-48eb-af3e-af720fcf84d5,초등,남,유료학습생,초2학년,사용,G012,10,FALSE
7,0d164297-f34d-4142-8f5a-eb6c3d45744b,초등,남,유료학습생,초1학년,사용,G011,10,FALSE
8,e057d06f-afe5-4fcc-b2c7-ef2391f10ca7,초등,여,유료학습생,초4학년,사용,G014,10,TRUE
9,e2c5fef3-3c62-4738-b552-af014544e7a3,초등,남,유료학습생,초2학년,사용,G012,10,TRUE
10,0b34d1f8-4c47-43dc-a05d-c0dc3bcc336f,초등,여,유료학습생,초4학년,사용,G014,10,TRUE
11,30234740-6f98-467e-9c2b-c7b671c209a6,초등,여,유료학습생,초4학년,사용,G014,10,FALSE
12,bf8c5708-74ba-4d34-aaf4-54f64ab951c0,초등,여,유료학습생,초3학년,사용,G013,30,FALSE
13,21052c2e-65c0-4a99-9b1d-37394a3b2680,초등,남,유료학습생,초2학년,사용,G012,10,FALSE
14,06d15e6f-f007-41be-9f97-a4cea10d3ae1,초등,남,유료학습생,초2학년,사용,G012,10,FALSE
15,9798db05-2e29-4c5c-8c12-69fa78c7240e,초등,남,유료학습생,초5학년,사용,G015,30,TRUE
16,2a339442-7631-4c7b-a4a0-a210cf494b28,초등,남,유료학습생,초1학년,사용,G011,10,FALSE
17,a970a37c-972a-4101-b84c-fb25ce73165f,초등,여,유료학습생,초1학년,사용,G011,10,FALSE
18,bac9d13a-2df2-4d27-94be-2b29c4ddec32,초등,남,유료학습생,초3학년,사용,G013,10,TRUE
19,a19d8c2e-4d03-406b-b47c-51d91184fdb2,초등,여,유료학습생,초2학년,사용,G012,10,TRUE
20,01895383-64af-4222-a70a-d26ab32922d1,초등,남,유료학습생,초4학년,사용,G014,10,TRUE
21,51d89587-c8c4-479d-b8e0-9b57fa66b213,초등,남,유료학습생,초2학년,사용,G012,10,FALSE
22,413374e9-d4ee-4faf-8317-968f00d097ed,초등,남,유료학습생,초2학년,사용,G012,10,TRUE
23,0bb0eb4b-ba57-4833-8523-ad11fd9dfb28,초등,남,유료학습생,초3학년,사용,G013,10,FALSE
24,0bd59bfd-53aa-4b73-bcdf-07e718521cc9,초등,여,유료학습생,초6학년,사용,G016,10,TRUE
25,856ddd86-11bb-43d4-aa1b-6cad125723a1,초등,남,유료학습생,초1학년,사용,G011,10,FALSE
26,d52a13d8-a86b-4707-a87f-1ada221762da,초등,남,유료학습생,초5학년,사용,G015,10,TRUE
27,e6003316-e978-4d91-a1c9-f6506f87baee,초등,남,유료학습생,초2학년,사용,G012,10,FALSE
28,0a19071f-36ef-4d14-88df-11edc958384f,초등,정보없음,유료학습생,초3학년,사용,G013,10,FALSE
29,900a1b68-7992-405c-9c02-1dfbc60ffea8,초등,남,유료학습생,초5학년,사용,G015,10,TRUE
30,b52f1187-5681-4359-8033-0adea3ac7316,초등,여,유료학습생,초3학년,사용,G013,10,TRUE
31,f2b0b917-b4fd-43a3-9126-3060f795f094,초등,남,유료학습생,초6학년,사용,G016,10,TRUE
32,6eca98c7-753e-466d-9c85-58eeb8ef2061,초등,남,유료학습생,초2학년,사용,G012,10,FALSE
33,4aae825b-bd0f-4cbe-a688-d8fcad1fd937,초등,여,유료학습생,초4학년,사용,G014,10,FALSE
34,e252d8a2-f52f-49a9-91bf-38d1f5f61891,초등,남,유료학습생,초6학년,사용,G016,10,TRUE
35,7c694253-790f-4bc1-85ef-218f93783a50,초등,남,유료학습생,초3학년,사용,G013,10,FALSE
36,4c40a460-7018-467e-a401-9706055de1f0,초등,남,유료학습생,초6학년,사용,G016,10,TRUE
37,fedb6745-960e-4b09-b8fc-c0965382360b,초등,남,유료학습생,초6학년,사용,G016,10,FALSE
38,634f71db-ac43-4750-85b0-f1597d97f044,초등,여,유료학습생,초4학년,사용,G014,10,TRUE
39,5a827a3c-6038-4496-a42a-8f838be3679e,초등,여,유료학습생,초2학년,사용,G012,10,FALSE
40,305ccc80-82af-4636-9840-9e76c8f4d58c,초등,남,유료학습생,초3학년,사용,G013,10,TRUE
41,c8627fc8-8242-4bb0-809f-427037d0be89,초등,여,유료학습생,초3학년,사용,G013,10,FALSE
42,8efef2dd-e848-4b49-b17c-fa00bfa3d5d1,초등,여,유료학습생,초6학년,사용,G016,10,TRUE
43,a388578f-090f-4bcb-84ee-b8db9172bac1,초등,남,유료학습생,초5학년,사용,G015,10,TRUE
44,9aedf30c-dbcd-4c68-9a1e-5be7e8db94ca,초등,여,유료학습생,초5학년,사용,G015,10,TRUE
45,3a2684d7-e9ea-4580-a1d2-f2ffc731e39f,초등,여,유료학습생,초3학년,사용,G013,10,FALSE
46,10d43d78-9b30-4977-b2a0-2d023654c159,초등,남,유료학습생,초4학년,사용,G014,10,FALSE
47,2813b473-82fa-4548-9705-e299957c950d,초등,남,유료학습생,초6학년,사용,G016,10,FALSE
48,8571cd3c-fee6-4417-9640-d58ed18886b0,초등,남,유료학습생,초1학년,사용,G011,10,FALSE
49,457316d9-740a-4138-a803-a1115a438e86,초등,여,유료학습생,초4학년,사용,G014,30,FALSE
50,c80b7398-7018-4eac-a744-709cef74abf9,초등,남,유료학습생,초3학년,사용,G013,30,FALSE
51,38af8c10-421c-4d3b-ab15-64ad93eed5b9,초등,남,유료학습생,초2학년,사용,G012,30,FALSE
52,8a7a7ed3-1c03-483f-8fcf-1e3af5a92a8c,초등,여,유료학습생,초2학년,사용,G012,10,FALSE
53,12f9b91d-e3bf-4689-834b-6a1e0d289239,초등,여,유료학습생,초3학년,사용,G013,10,FALSE
54,d13604d7-68f1-47c2-bcbf-b49531c162e5,초등,남,유료학습생,초4학년,사용,G014,10,FALSE
55,87be5651-7a57-4c96-a4ba-556587bd17e3,초등,정보없음,유료학습생,초3학년,사용,G013,10,FALSE
56,0515188e-b2c4-48b5-927c-2f96e24ef230,초등,남,유료학습생,초3학년,사용,G013,10,FALSE
57,71eee955-f21a-45a6-9ce8-cbca7497d92c,초등,남,유료학습생,초2학년,사용,G012,10,FALSE
58,b65c744f-02c5-4eac-8817-7b19669e14d8,초등,남,유료학습생,초2학년,사용,G012,10,FALSE
59,14a71c68-b02e-43b1-885a-7dd026071c66,초등,여,유료학습생,초5학년,사용,G015,10,TRUE
60,8e8d4793-13eb-4d01-ba38-df16cf943156,초등,여,유료학습생,초1학년,사용,G011,10,FALSE
61,143f3446-61fd-4551-8fd9-62989e51b0f2,초등,여,유료학습생,초4학년,사용,G014,10,FALSE
62,b969ce49-0a21-4bd3-a74d-618a9957b83a,초등,남,유료학습생,초2학년,사용,G012,10,FALSE
63,edbdb9e3-1145-4ba3-a7ea-e77c1740d530,초등,남,유료학습생,초2학년,사용,G012,10,FALSE
64,bdd0b1ef-3d03-48af-afbc-22b5750686a4,초등,여,유료학습생,초3학년,사용,G013,10,FALSE
65,1c4d66dd-b737-4fe8-ab1c-4631e3dbb765,초등,여,유료학습생,초6학년,사용,G016,30,TRUE
66,39f97f19-19df-4569-af4d-b248f37ba972,초등,남,유료학습생,초5학년,사용,G015,10,FALSE
67,f6d1a38a-9dcf-43a3-bb3c-2b663075db5c,초등,남,유료학습생,초4학년,사용,G014,10,FALSE
68,8bd12982-0bdf-4d46-82ef-9d02b159d583,초등,남,유료학습생,초5학년,사용,G015,10,TRUE
69,ab8b8afb-fa30-4b79-870c-2d5956be367e,초등,여,유료학습생,초1학년,사용,G011,10,FALSE
70,e17c53d4-d768-4a43-a2f8-b3cf8ed04553,초등,남,유료학습생,초3학년,사용,G013,10,FALSE
71,41020558-0363-41ab-96de-29d683c8ccd1,초등,남,유료학습생,초3학년,사용,G013,10,FALSE
72,30b35d41-1094-4d05-a921-757ed8ae9b8a,초등,남,유료학습생,초6학년,사용,G016,10,TRUE
73,85b7dd9e-2bfe-46a7-b972-a421fe46a0c2,초등,남,유료학습생,초3학년,사용,G013,10,TRUE
74,ee81c8e3-5df1-4c0d-8257-c993dc33e1dd,초등,남,유료학습생,초5학년,사용,G015,10,FALSE
75,6c2ccd04-4ee9-449a-8031-5d2c6aec7752,초등,여,유료학습생,초1학년,사용,G011,30,FALSE
76,261c3ab9-ed9d-4b20-8048-f50dc3e4eeef,초등,남,유료학습생,초2학년,사용,G012,10,TRUE
77,ca7c2714-93c2-4ddc-a2ec-b5821339bb64,초등,남,유료학습생,초1학년,사용,G011,10,FALSE
78,1a3048e7-4f14-4285-9e36-5de6b4e8bf9f,초등,남,유료학습생,초2학년,사용,G012,10,TRUE
79,e7a496c2-e28e-4b26-862c-830a76cc0acc,초등,여,유료학습생,초2학년,사용,G012,10,FALSE
80,319149c6-2118-4b41-a21f-f35c35f03956,초등,여,유료학습생,초4학년,사용,G014,10,FALSE
81,ed482888-6094-45f6-95d1-13ed930b3052,초등,남,유료학습생,초5학년,사용,G015,10,FALSE
82,2e2fa6c9-0d7b-4634-973d-4586ba6f80d6,초등,남,유료학습생,초5학년,사용,G015,10,FALSE
83,588f7886-b085-474e-a5d7-4f7a4cbb77c0,초등,남,유료학습생,초1학년,사용,G011,10,FALSE
84,5e4302a8-63b5-400d-a9c3-d0baebcc2f3a,초등,여,유료학습생,초1학년,사용,G011,10,FALSE
85,0e4b1a2b-d102-468e-a6ba-df05886d485e,초등,여,유료학습생,초6학년,사용,G016,10,FALSE
86,6cdc3db2-a520-4720-ad00-3768c7752a12,초등,남,유료학습생,초6학년,사용,G016,10,FALSE
87,44b77aaa-3b89-4125-b823-88f84b1e0551,초등,여,유료학습생,초3학년,사용,G013,10,FALSE
88,97b48405-5fae-4521-912f-e26df59bf377,초등,남,유료학습생,초4학년,사용,G014,10,FALSE
89,ef4fc66b-2add-4ef0-b792-a1d632d97758,초등,여,유료학습생,초5학년,사용,G015,10,TRUE
90,2ed84ae2-61ed-4773-bf72-7e19ae121de8,초등,여,유료학습생,초2학년,사용,G012,10,FALSE
91,ab52f139-83aa-4fac-b06a-90d6fdd01659,초등,남,유료학습생,초1학년,사용,G011,10,FALSE
92,9e3b670c-cf38-45b8-baf8-63a56c834682,초등,남,유료학습생,초3학년,사용,G013,10,FALSE
93,aa516390-1705-403a-bf0e-edbecd120eee,초등,남,유료학습생,초6학년,사용,G016,30,TRUE
94,2c6ba63b-9d31-4ebc-a8dc-13cec9d6e8fd,초등,남,유료학습생,초6학년,사용,G016,10,FALSE
95,f640c34a-4cff-432c-8015-745d5a3c2d02,초등,여,유료학습생,초2학년,사용,G012,10,FALSE
96,71858c49-a792-45d0-aec2-49019ddb7b37,초등,남,유료학습생,초4학년,사용,G014,10,FALSE
97,54859f2f-87c1-4ecb-a1d1-c10825a8e7f6,초등,여,유료학습생,초4학년,사용,G014,10,TRUE
98,a2867153-7ac1-4b5e-abb5-bd6a515fdb0c,초등,여,유료학습생,초6학년,사용,G016,10,TRUE
99,899fe021-4b32-490f-b95e-c5e9b6c1b5c5,초등,여,유료학습생,초6학년,사용,G016,10,TRUE
100,e3f79cd2-f77b-4ff6-9b7e-a5a1caef3c0e,초등,남,유료학습생,초5학년,사용,G015,10,FALSE
101,2adad426-b7e8-4989-a293-1eb1b467589c,초등,여,유료학습생,초6학년,사용,G016,10,FALSE
102,79d4ff4e-5623-4bd4-91d5-4798462af324,초등,남,유료학습생,초6학년,사용,G016,10,TRUE
103,8364a151-3298-4289-b58f-4c82a6171ae3,초등,남,유료학습생,초3학년,사용,G013,10,FALSE
104,0940c678-62f7-40fd-ba92-dfbd5dc48665,초등,여,유료학습생,초3학년,사용,G013,10,FALSE
105,e3d29eea-a569-4954-be59-0b4243f0d4ab,초등,여,유료학습생,초3학년,사용,G013,10,FALSE
106,bbb10806-e8d7-43b2-856e-4d9c8aef63ec,초등,여,유료학습생,초5학년,사용,G015,10,FALSE
107,2e4ad431-2d0e-41e3-aa64-29676dd47e00,초등,남,유료학습생,초6학년,사용,G016,10,TRUE
108,f8e57365-2d85-49af-a48b-edfdc54ce395,초등,여,유료학습생,초6학년,사용,G016,10,TRUE
109,36ee82fe-385a-4183-8e70-b171288c794c,초등,정보없음,유료학습생,초1학년,사용,G011,10,FALSE
110,abb4492d-e07e-469a-8fb0-87e1d1552ba8,초등,남,유료학습생,초4학년,사용,G014,10,TRUE
111,0c544bdf-c415-4e80-a396-68339712279c,초등,여,유료학습생,초3학년,사용,G013,10,TRUE
112,ebaba6f1-d664-4439-bc9c-c1afcd031a98,초등,남,유료학습생,초1학년,사용,G011,10,FALSE
113,0eb30612-38b6-4414-aa05-e9016cc478df,초등,여,유료학습생,초3학년,사용,G013,10,FALSE
114,cc500d63-e8d1-498d-9f80-3989bacdf3b8,초등,남,유료학습생,초6학년,사용,G016,10,FALSE
115,04731f90-6b8b-426d-b3ec-48ab3e2ae3ca,초등,여,유료학습생,초2학년,사용,G012,10,FALSE
116,8c78eb0b-6718-443b-99ed-f2510f50e466,초등,여,유료학습생,초2학년,사용,G012,10,FALSE
117,8baba686-e922-43ce-817f-4201bd274538,초등,여,유료학습생,초3학년,사용,G013,10,TRUE
118,4acddc14-637c-4774-b2ab-195b74ee4b76,초등,여,유료학습생,초2학년,사용,G012,10,FALSE
119,2146305b-9ad8-4f34-aeaf-da2a42543513,초등,남,유료학습생,초4학년,사용,G014,10,FALSE
120,1afc6af9-ef9a-48b7-920c-f7b58d3786f7,초등,남,유료학습생,초2학년,사용,G012,10,TRUE
121,c45a68a7-bdcb-4fb8-ba1c-359168d1ba79,초등,남,유료학습생,초2학년,사용,G012,10,FALSE
122,845fbcc3-227c-4906-b1b9-91ee4e3bbf2b,초등,정보없음,유료학습생,초6학년,사용,G016,10,FALSE
123,270febdd-8a2c-4616-9412-f21445876773,초등,여,유료학습생,초3학년,사용,G013,30,FALSE
124,a992e65c-e4c0-4da0-81fc-0d3f36e21419,초등,여,유료학습생,초2학년,사용,G012,10,TRUE
125,1529034f-fb4a-4359-87e2-8404831a5f0c,초등,여,유료학습생,초5학년,사용,G015,10,TRUE
126,3e8ddef2-6a24-473a-b8ed-a8649d95ddda,초등,남,유료학습생,초6학년,사용,G016,10,TRUE
127,312a5e7d-2088-4ef9-8e20-7e4c95ab2f43,초등,남,유료학습생,초2학년,사용,G012,10,FALSE
128,2afb67d6-d69a-4581-8051-7a95166604a3,초등,여,유료학습생,초5학년,사용,G015,10,FALSE
129,d8472ede-3619-42ad-b7e9-14bf5b414642,초등,정보없음,유료학습생,초6학년,사용,G016,10,FALSE
130,efa8a1cb-46ff-4946-8956-18dbb94f8335,초등,여,유료학습생,초6학년,사용,G016,10,FALSE
131,97f20194-9869-4702-8791-beefe49ae77b,초등,여,유료학습생,초2학년,사용,G012,10,FALSE
132,88f3a45d-ec3c-42c1-87a0-2741d7d2ae53,초등,남,유료학습생,초2학년,사용,G012,10,FALSE
133,b011c3a4-f5da-4f47-89b2-7d40f1f96078,초등,남,유료학습생,초4학년,사용,G014,10,FALSE
134,a3f5f554-c646-4cc0-b8b5-79bbbf51082a,초등,남,유료학습생,초3학년,사용,G013,10,FALSE
135,d766ab56-0863-4c5e-a2f1-0ba60c3ca33e,초등,남,유료학습생,초2학년,사용,G012,10,TRUE
136,11f7ce54-394f-4087-95c6-b84aed1d9a1f,초등,남,유료학습생,초4학년,사용,G014,10,FALSE
137,9539bc81-a098-428a-8946-741224e052d4,초등,남,유료학습생,초5학년,사용,G015,10,FALSE
138,96ce4168-b463-4bb7-b4ff-80940eb7038d,초등,남,유료학습생,초4학년,사용,G014,10,FALSE
139,0d1a6c50-e7bd-4806-8f63-fe9a511ab94c,초등,남,유료학습생,초1학년,사용,G011,10,FALSE
140,a087f33b-0952-4966-99fa-6f9651bfac6e,초등,여,유료학습생,초3학년,사용,G013,10,TRUE
141,827af873-3b5e-459a-8e63-cc6454123631,초등,정보없음,유료학습생,초2학년,사용,G012,10,FALSE
142,ac2a3e83-c7ba-46fc-b85d-d3c2e8fc9a0a,초등,남,유료학습생,초2학년,사용,G012,30,FALSE
143,e95e8110-594f-47d0-bec0-efd943cc4f7b,초등,여,유료학습생,초4학년,사용,G014,10,FALSE
144,b3e064e9-e51b-4e08-8b41-bcf9a6c0f5dd,초등,여,유료학습생,초4학년,사용,G014,30,TRUE
145,51fa6222-511a-402e-9687-6ba5c41dedde,초등,남,유료학습생,초5학년,사용,G015,10,FALSE
146,d557621d-d68b-43bc-89f2-156136fc07b3,초등,남,유료학습생,초4학년,사용,G014,10,TRUE
147,fa44af08-678e-4d51-98e2-064fa391f9b5,초등,남,유료학습생,초2학년,사용,G012,10,FALSE
148,588b09ef-0385-4b52-afc6-06ad7be3a3c8,초등,정보없음,유료학습생,초3학년,사용,G013,10,FALSE
149,b62b2596-16d0-449c-a30b-4879341e852f,초등,남,유료학습생,초4학년,사용,G014,10,FALSE
150,7105ca3b-ad9e-444e-a5e8-9388a673eea2,초등,남,유료학습생,초4학년,사용,G014,10,TRUE
151,75b91df3-0695-4099-aeba-6f85c8ffaad0,초등,여,유료학습생,초3학년,사용,G013,10,FALSE
152,fe28b701-f276-4f5a-b82b-e8693e691f50,초등,여,유료학습생,초2학년,사용,G012,10,TRUE
153,19974ab3-85a8-459d-aba9-7aaeb0017357,초등,남,유료학습생,초4학년,사용,G014,10,TRUE
154,e03f0192-8c60-452e-a91f-6b2b881fa871,초등,남,유료학습생,초1학년,사용,G011,10,FALSE
155,00b29adf-683b-45fa-bcc6-6f7f6a847aff,초등,여,유료학습생,초4학년,사용,G014,10,FALSE
156,3a9e092c-e039-4c85-94b2-45dbb4d9dd52,초등,여,유료학습생,초1학년,사용,G011,10,FALSE
157,1841c521-ff63-4901-b977-cef6a5f0390b,초등,남,유료학습생,초3학년,사용,G013,10,FALSE
158,f3f7d898-d427-42fc-baed-dcee3a029427,초등,남,유료학습생,초2학년,사용,G012,10,FALSE
159,f59211ff-b920-4b3c-9d5a-b53b4823335a,초등,남,유료학습생,초2학년,사용,G012,10,FALSE
160,0f264c0b-c9ca-4b77-9976-5a20a97fb29c,초등,남,유료학습생,초5학년,사용,G015,10,TRUE
161,6e1aec50-0481-4aee-8a05-79c608e89d4a,초등,여,유료학습생,초2학년,사용,G012,10,FALSE
162,65d50586-81e3-4c3a-9b10-a44c38d8b119,초등,남,유료학습생,초3학년,사용,G013,10,FALSE
163,427cfbe9-0f9e-41de-8771-bc8b7b4dd863,초등,남,유료학습생,초2학년,사용,G012,30,FALSE
164,19b481e3-fbaa-403b-997a-2cab1b3dcb54,초등,여,유료학습생,초2학년,사용,G012,10,FALSE
165,1304d7c9-8276-4891-95c5-8e3d4bd9e1d7,초등,남,유료학습생,초1학년,사용,G011,10,FALSE
166,7b6d81f7-b762-495d-bd87-b58e82297380,초등,남,유료학습생,초4학년,사용,G014,10,TRUE
167,ce60b84f-68e7-46ea-a575-cb5b9078784a,초등,남,유료학습생,초5학년,사용,G015,10,FALSE
168,ad820491-cd8d-40bc-80c4-9e6dddaaf183,초등,남,유료학습생,초5학년,사용,G015,10,TRUE
169,786b4441-8068-440e-a0b5-c61d9ed6cbb7,초등,여,유료학습생,초6학년,사용,G016,10,FALSE
170,ad50c588-cca8-4b75-b318-f05e0e319dab,초등,남,유료학습생,초1학년,사용,G011,10,FALSE
171,a812b68a-fdfb-44a4-bee4-3da4a6fe990a,초등,남,유료학습생,초6학년,사용,G016,10,TRUE
172,55c6cff8-d62a-48e9-9b38-fa1caf61a625,초등,여,유료학습생,초6학년,사용,G016,10,TRUE
173,167be1c9-02fa-4483-b759-8628dc823b9b,초등,여,유료학습생,초2학년,사용,G012,10,FALSE
174,ae8baeae-65cd-442e-bf72-18f9361ea5c1,초등,여,유료학습생,초4학년,사용,G014,10,TRUE
175,d48decd4-f51a-409e-b994-e5cb9dd392f9,초등,남,유료학습생,초2학년,사용,G012,10,TRUE
176,1683378e-030a-48fb-b181-ee57d5c1e625,초등,남,유료학습생,초4학년,사용,G014,10,TRUE
177,ed0c188e-ae01-4291-8626-e60733efcc6b,초등,여,유료학습생,초4학년,사용,G014,10,TRUE
178,6c053351-633c-48b2-b066-82593f447947,초등,남,유료학습생,초3학년,사용,G013,10,TRUE
179,5745614e-7783-48f8-9b5e-8afcf76e8a4a,초등,여,유료학습생,초5학년,사용,G015,10,TRUE
180,daf486d2-7ab6-4748-8403-c0d22df2070e,초등,남,유료학습생,초3학년,사용,G013,10,FALSE
181,e13b9dd7-1af5-4933-ac78-cb02ba7cd0db,초등,남,유료학습생,초4학년,사용,G014,10,TRUE
182,43303d8d-3447-49f7-93aa-ba574a3f426f,초등,남,유료학습생,초5학년,사용,G015,10,TRUE
183,4f2f1cf7-830b-4938-9fdf-a9fd6f1255af,초등,여,유료학습생,초4학년,사용,G014,10,TRUE
184,858eea2b-7281-4e9e-abd5-26529969bdf9,초등,여,유료학습생,초3학년,사용,G013,10,FALSE
185,7689f623-5256-4421-a870-b2dc1cdddcc4,초등,남,유료학습생,초1학년,사용,G011,10,FALSE
186,c014ca21-c128-45ee-94cc-2d242834e628,초등,남,유료학습생,초2학년,사용,G012,10,FALSE
187,4eaf4f75-9982-4f57-a8dd-d2452bd8371c,초등,남,유료학습생,초6학년,사용,G016,10,FALSE
188,cb7ba54b-1222-46fc-8172-344e12fd9c41,초등,남,유료학습생,초4학년,사용,G014,10,TRUE
189,6c549bfc-2f8e-4d59-a5ef-845b77ad73c4,초등,남,유료학습생,초2학년,사용,G012,10,FALSE
190,b88652c9-986b-4c34-b203-2f17aab77c35,초등,남,유료학습생,초2학년,사용,G012,10,FALSE
191,10b3c4fd-8d94-4f11-b411-234afe25017e,초등,남,유료학습생,초1학년,사용,G011,10,FALSE
192,123335cf-e30e-4041-970d-c6bc59dd7f07,초등,남,유료학습생,초4학년,사용,G014,30,FALSE
193,4677dd1c-eef2-484d-89e5-324846068542,초등,여,유료학습생,초1학년,사용,G011,10,FALSE
194,5f97cfa6-a9c4-45f9-bdf0-16506d9a635a,초등,여,유료학습생,초3학년,사용,G013,30,FALSE
195,4789b49f-3dab-4ebc-92fb-a62ad9b8f402,초등,여,유료학습생,초4학년,사용,G014,10,FALSE
196,defb3eed-53d5-49d6-bcba-8285a6f7e05f,초등,남,유료학습생,초3학년,사용,G013,10,FALSE
197,fb413f12-eeb9-4a9f-b4f2-eff9386d260b,초등,남,유료학습생,초3학년,사용,G013,10,FALSE
198,f78da7c9-45f9-49bc-b7c4-f4e73ae533b9,초등,남,유료학습생,초2학년,사용,G012,10,FALSE
199,4a68da2b-0286-4521-ae16-d0b1d342dfb8,초등,여,유료학습생,초5학년,사용,G015,10,TRUE
200,b597b38a-abb3-475f-aaa4-107617f2ff5a,초등,남,유료학습생,초1학년,사용,G011,10,FALSE
201,745f6d46-64b3-4b41-a352-a03533c0b638,초등,정보없음,유료학습생,초5학년,사용,G015,10,TRUE
202,cd40cdfc-e75c-42b9-9de6-7e9c229572ac,초등,남,유료학습생,초6학년,사용,G016,10,FALSE
203,135c9268-c57e-47d9-8780-4f7eb3a945e4,초등,여,유료학습생,초2학년,사용,G012,10,FALSE
204,aa83f0c6-963e-4704-9abe-6dc5a55e249b,초등,여,유료학습생,초6학년,사용,G016,10,TRUE
205,fdf16bc0-7499-4b65-adef-9b3729207f2a,초등,남,유료학습생,초3학년,사용,G013,10,FALSE
206,244a0a39-32f6-48e1-b9ed-e9bc74137d79,초등,여,유료학습생,초2학년,사용,G012,10,FALSE
207,61c7671c-69a7-4cd9-98bc-c85cc23c652e,초등,남,유료학습생,초6학년,사용,G016,10,TRUE
208,3c53c66a-3a81-46dd-8c21-da895ef387fc,초등,여,유료학습생,초2학년,사용,G012,10,FALSE
209,62b573ff-85b2-468c-9e90-ac421722a346,초등,여,유료학습생,초4학년,사용,G014,10,FALSE
210,655cc81d-bb8f-4710-a989-6609c3151c4c,초등,여,유료학습생,초6학년,사용,G016,10,TRUE
211,2c5168ba-0418-4e2a-9a09-1fd2bb61adac,초등,남,유료학습생,초3학년,사용,G013,10,TRUE
212,5ac329a0-20cd-4cec-a333-4a7096d0010c,초등,남,유료학습생,초5학년,사용,G015,30,TRUE
213,bf063d1b-2ed6-4898-9438-55ec38dd7161,초등,여,유료학습생,초3학년,사용,G013,10,FALSE
214,2f9c7d25-2824-48c1-9c24-8ba4b5fbce9b,초등,남,유료학습생,초4학년,사용,G014,10,FALSE
215,1746d6d1-0e2a-499a-89f2-9a24e0a7f22b,초등,남,유료학습생,초5학년,사용,G015,10,TRUE
216,7abadf5b-5a5a-445d-8db1-3ca3ce6736a3,초등,남,유료학습생,초3학년,사용,G013,10,FALSE
217,3f10f429-4c8a-44cc-9c64-76de518d702e,초등,남,유료학습생,초2학년,사용,G012,10,FALSE
218,45fbf76c-cec1-41ae-a11a-89bcde0556bf,초등,남,유료학습생,초3학년,사용,G013,10,FALSE
219,1461c831-6d7a-48f8-9aa4-4449bc2cc47c,초등,여,유료학습생,초1학년,사용,G011,10,FALSE
220,52f2c251-2d7e-4fdb-913d-8bd364ef7e71,초등,여,유료학습생,초4학년,사용,G014,10,FALSE
221,14fe8156-3bae-43ff-91d9-b9258238393c,초등,남,유료학습생,초6학년,사용,G016,10,TRUE
222,1b422637-a029-42f0-b95f-1fc6d1036d0e,초등,여,유료학습생,초4학년,사용,G014,10,FALSE
223,e34ef139-19d0-4913-b258-9b38c732812d,초등,남,유료학습생,초5학년,사용,G015,10,TRUE
224,7205f778-6313-410d-8777-156fc4bb9e24,초등,남,유료학습생,초5학년,사용,G015,10,TRUE
225,6a47f552-202c-474d-b2a7-16a3a06bb4ba,초등,남,유료학습생,초3학년,사용,G013,10,FALSE
226,738f5078-f2c5-42f4-b773-8aa80df02975,초등,여,유료학습생,초3학년,사용,G013,10,FALSE
227,dd5fec5b-5166-4c55-8627-0b266ba1f6c1,초등,남,유료학습생,초3학년,사용,G013,30,TRUE
228,78195068-03f6-4dc3-8c69-a965de0e9755,초등,남,유료학습생,초3학년,사용,G013,10,FALSE
229,bb8804e6-60b6-468d-bddf-a4b83dd2679e,초등,남,유료학습생,초4학년,사용,G014,10,FALSE
230,3844f23e-1c34-4c95-8ad3-a3c975a8605f,초등,여,유료학습생,초2학년,사용,G012,10,FALSE
231,d5184272-e356-47c8-a31b-eb111b957240,초등,여,유료학습생,초3학년,사용,G013,10,TRUE
232,6fe1669f-53ac-4c60-9e54-4204e4ac37dc,초등,남,유료학습생,초2학년,사용,G012,10,FALSE
233,04df3f63-d088-4187-89d0-5ec30d56daf2,초등,남,유료학습생,초1학년,사용,G011,10,FALSE
234,c48826b3-e7f4-456a-a50b-b13677bf4b3c,초등,여,유료학습생,초6학년,사용,G016,10,FALSE
235,e6b7d97a-560e-49d4-8786-9b8419f1b22d,초등,남,유료학습생,초1학년,사용,G011,10,FALSE
236,ac76cc9a-710b-43b3-a3be-7dcd08b45f47,초등,남,유료학습생,초2학년,사용,G012,10,TRUE
237,b7f511ab-e506-47fd-a07e-1241c45bb725,초등,여,유료학습생,초5학년,사용,G015,10,FALSE
238,1ccc0c63-9e5a-45d1-a3df-52a5904e40f4,초등,남,유료학습생,초2학년,사용,G012,10,FALSE
239,dd23f177-7cc4-44ba-a93e-3c7e15ccbe8a,초등,여,유료학습생,초6학년,사용,G016,10,TRUE
240,4d282a39-931f-4e09-9744-e6155095268c,초등,여,유료학습생,초5학년,사용,G015,10,TRUE
241,6d41765f-ca00-4a8d-829d-df6e09b2ca23,초등,남,유료학습생,초4학년,사용,G014,10,TRUE
242,d4066554-f862-4eff-8e2b-e2fa90b5f43b,초등,남,유료학습생,초6학년,사용,G016,10,FALSE
243,e99906d2-5c37-4ec5-a435-2a5286f25857,초등,여,유료학습생,초5학년,사용,G015,10,FALSE
244,532238ba-73fd-478c-ab83-324373602cfa,초등,여,유료학습생,초3학년,사용,G013,10,FALSE
245,eea2e25d-dc12-4a2f-9d6b-81959d2b3fa7,초등,여,유료학습생,초4학년,사용,G014,10,FALSE
246,eeaa37c5-9403-4f1e-a877-88263fdd3fd7,초등,여,유료학습생,초3학년,사용,G013,10,FALSE
247,0eef2d1b-2b02-41f7-aa54-7a90a686f090,초등,남,유료학습생,초3학년,사용,G013,10,TRUE
248,63b74ecf-1e63-49cc-915b-eff009322f59,초등,여,유료학습생,초1학년,사용,G011,10,FALSE
249,b4106f08-b3bb-49cf-80f1-8297c277a180,초등,정보없음,유료학습생,초3학년,사용,G013,10,FALSE
250,701900a5-692f-470c-83ec-c855abfd9021,초등,남,유료학습생,초2학년,사용,G012,10,FALSE
251,fd8b9bfe-d1d9-4586-99b7-f3f1496fa93d,초등,여,유료학습생,초4학년,사용,G014,30,FALSE
252,c40a42a8-62a5-4a5d-aa52-bbe7f02c7090,초등,여,유료학습생,초2학년,사용,G012,10,FALSE
253,ec992507-a33e-4fbf-bf4a-2731549bb60b,초등,여,유료학습생,초1학년,사용,G011,10,FALSE
254,ddc95bbb-19fd-43da-8620-4df3f950f9e2,초등,여,유료학습생,초4학년,사용,G014,10,TRUE
255,a68d4114-b8e9-4bb7-beea-2f3b9c49d919,초등,남,유료학습생,초2학년,사용,G012,10,FALSE
256,7a9c9b9e-c0cb-432c-89be-12c6d6b5cb69,초등,남,유료학습생,초1학년,사용,G011,10,FALSE
257,95cbe1be-3eeb-4daa-a171-feb616488c6c,초등,남,유료학습생,초2학년,사용,G012,10,FALSE
258,d108a298-8ac5-4d42-8d29-7129ec9d847a,초등,여,유료학습생,초6학년,사용,G016,10,FALSE
259,1a96f376-4b0a-4e72-bbf2-d3480e2daa30,초등,남,유료학습생,초2학년,사용,G012,10,FALSE
260,fcb9fac0-d66b-4459-aa56-f5ea9b4e2b75,초등,남,유료학습생,초4학년,사용,G014,10,FALSE
261,a279e9ec-c796-4d84-8ab3-8d7001b379aa,초등,여,유료학습생,초1학년,사용,G011,10,FALSE
262,8c959a67-6797-4877-8407-31bdc7b37b12,초등,남,유료학습생,초1학년,사용,G011,10,FALSE
263,04db6b78-2800-46b4-bea9-719005dbd698,초등,남,유료학습생,초1학년,사용,G011,10,FALSE
264,bce0e412-1839-4484-b7e2-d34844b54041,초등,여,유료학습생,초5학년,사용,G015,10,TRUE
265,17fe77d0-5f77-42cd-b002-1e2577d0f6b8,초등,여,유료학습생,초2학년,사용,G012,10,FALSE
266,fe3ce964-6295-4bcd-a528-4861a85dda9b,초등,여,유료학습생,초2학년,사용,G012,30,TRUE
267,147b95c5-32c5-4b52-82d9-4ef80e1ef345,초등,여,유료학습생,초2학년,사용,G012,10,TRUE
268,4318db43-2a76-4110-aba4-73cffee7156d,초등,남,유료학습생,초4학년,사용,G014,10,TRUE
269,c9fc7934-54cb-453f-80e9-1e91e8038a53,초등,여,유료학습생,초2학년,사용,G012,10,TRUE
270,afbc6958-ccf4-4fd0-ad57-1a3799c4c8e0,초등,남,유료학습생,초4학년,사용,G014,10,FALSE
271,fb9476ec-f0d8-477f-bfe1-886953b51234,초등,남,유료학습생,초4학년,사용,G014,10,FALSE
272,e97d4e45-7447-4647-aa50-bf4e6297d0ee,초등,남,유료학습생,초1학년,사용,G011,10,FALSE
273,e2aa95c2-f286-43a7-bdf6-d4c1eb8666d1,초등,정보없음,유료학습생,초3학년,사용,G013,10,FALSE
274,b7466833-9799-43a2-9f0d-07b25e6d2867,초등,남,유료학습생,초5학년,사용,G015,10,FALSE
275,abfa9661-b198-4c36-a5f9-3d368dbfcbed,초등,정보없음,유료학습생,초1학년,사용,G011,10,FALSE
276,a4d8a1bc-81a7-4d34-9797-5bc2aee287c0,초등,남,유료학습생,초2학년,사용,G012,10,FALSE
277,b26459e1-4b47-4576-8a21-9ea3d6fe1080,초등,여,유료학습생,초6학년,사용,G016,10,FALSE
278,90c87291-e562-4d21-ad81-f32af4c78ce9,초등,남,유료학습생,초3학년,사용,G013,10,TRUE
279,390009f0-18b4-479f-b632-828f8eb84a1d,초등,남,유료학습생,초1학년,사용,G011,10,FALSE
280,b3ba71fa-cd47-40d3-884b-4b7fa1dd2489,초등,남,유료학습생,초4학년,사용,G014,10,FALSE
281,c1430839-4694-4ead-b9c1-ff45a279a32c,초등,남,유료학습생,초2학년,사용,G012,10,FALSE
282,d9690c14-5021-40b3-bda4-f00dadb2d43b,초등,남,유료학습생,초5학년,사용,G015,10,TRUE
283,fcb0f717-54d1-4cd3-aaf4-93ab107da9ed,초등,남,유료학습생,초5학년,사용,G015,10,TRUE
284,d3281a1c-09fc-4a47-a194-dff0145488ec,초등,정보없음,유료학습생,초5학년,사용,G015,30,TRUE
285,04a501bb-1222-4b64-9b85-f133110d4fcc,초등,여,유료학습생,초6학년,사용,G016,10,TRUE
286,e8ae784b-9b4d-4e3b-a23a-b7d68ec5669b,초등,여,유료학습생,초3학년,사용,G013,10,FALSE
287,2973cab3-1509-4726-9060-232cb9bed90c,초등,남,유료학습생,초4학년,사용,G014,10,TRUE
288,4a757c93-b542-41f5-b935-b2947864cfc6,초등,남,유료학습생,초5학년,사용,G015,10,FALSE
289,d2af3961-69e7-4899-ad3f-12a9d9ab8236,초등,여,유료학습생,초4학년,사용,G014,10,TRUE
290,50a59a7a-1b0e-42df-8b18-a66cfcf98ceb,초등,여,유료학습생,초6학년,사용,G016,10,TRUE
291,1caf666f-48a2-44c8-95d0-c2d0ee623a14,초등,남,유료학습생,초6학년,사용,G016,10,FALSE
292,42395fe6-6cc5-4725-91a4-84eab92982f8,초등,남,유료학습생,초6학년,사용,G016,10,TRUE
293,39c8faab-c6a1-4bec-b596-fc4ddab42298,초등,여,유료학습생,초6학년,사용,G016,10,TRUE
294,5cb0c2f8-00bc-447b-b8f5-0a192199c1ed,초등,여,유료학습생,초1학년,사용,G011,10,FALSE
295,c751cb2a-fd02-4232-b7d6-33baaf52d6e8,초등,남,유료학습생,초4학년,사용,G014,10,FALSE
296,14c37866-e312-4cb5-89e8-4331cbdf170d,초등,여,유료학습생,초4학년,사용,G014,30,FALSE
297,841bcd0c-e333-4c5f-b6e9-18162c92dd9a,초등,여,유료학습생,초5학년,사용,G015,10,TRUE
298,9602c22f-88ce-4e35-b573-c46b05852914,초등,남,유료학습생,초3학년,사용,G013,10,TRUE
299,274cb884-014c-4607-b823-9c5d20cb0fe3,초등,남,유료학습생,초5학년,사용,G015,10,TRUE
300,f800d2cc-e6ec-48d7-badc-c9f770e39bf4,초등,남,유료학습생,초6학년,사용,G016,10,FALSE
301,77af181a-635f-4d61-86cd-31f8271a8e19,초등,남,유료학습생,초3학년,사용,G013,10,FALSE
302,d26bf4dd-ba9c-4073-b885-c980f26e3d3f,초등,남,유료학습생,초3학년,사용,G013,10,TRUE
303,c11bba6e-5539-472e-bd7f-bdddd9a5e006,초등,여,유료학습생,초5학년,사용,G015,10,FALSE
304,9eeff2f6-2564-4731-b2f4-6cf46b5bd5fb,초등,남,유료학습생,초6학년,사용,G016,10,TRUE
305,51cd7140-1c7f-4193-ad40-d09e1d7886b1,초등,여,유료학습생,초3학년,사용,G013,10,TRUE
306,29ea0749-7135-470d-82cf-0a5138be3f29,초등,여,유료학습생,초3학년,사용,G013,10,TRUE
307,bccdb0bd-35c0-4635-9990-cabbf4be76cb,초등,남,유료학습생,초2학년,사용,G012,10,FALSE
308,b8c3eb40-2e2a-4ade-84a1-aeb090ae0d57,초등,남,유료학습생,초4학년,사용,G014,10,TRUE
309,357646cf-5468-464a-b28d-c81e5d1604cd,초등,남,유료학습생,초5학년,사용,G015,10,TRUE
310,27255b33-ecb3-45b4-a6f5-55d836e74565,초등,남,유료학습생,초2학년,사용,G012,10,FALSE
311,ab757755-3d58-490a-a2f4-d3a19186e453,초등,여,유료학습생,초1학년,사용,G011,10,FALSE
312,a954d860-a7b8-4b53-8a67-47189931bd19,초등,남,유료학습생,초5학년,사용,G015,10,TRUE
313,d849d382-4c6c-4766-924e-a58c4713347c,초등,여,유료학습생,초2학년,사용,G012,10,FALSE
314,9f860154-094c-47a1-8f58-4957d2ffef1e,초등,남,유료학습생,초5학년,사용,G015,10,FALSE
315,9637f09c-dccb-4ba8-b83d-7d406751940e,초등,정보없음,유료학습생,초6학년,사용,G016,10,FALSE
316,3d11d01f-0d3f-43b1-84ad-ab804539020b,초등,남,유료학습생,초1학년,사용,G011,10,FALSE
317,90bf1d77-f3fd-463c-a826-76a29ddaf397,초등,남,유료학습생,초5학년,사용,G015,30,FALSE
318,a1867537-b173-4415-a039-a63a93caf959,초등,남,유료학습생,초3학년,사용,G013,10,FALSE
319,73be6aaf-1302-4f31-8902-061b90f46d42,초등,여,유료학습생,초2학년,사용,G012,10,FALSE
320,5a633504-f914-46fc-8048-8367263da01e,초등,남,만료학습생,초5학년,탈퇴,G015,30,FALSE
321,497ed09b-c394-4f9d-8524-c342d5834334,초등,남,유료학습생,초5학년,사용,G015,10,TRUE
322,c1df1383-2197-4cd7-9a42-f9ca2ca67b2d,초등,여,유료학습생,초6학년,사용,G016,10,TRUE
323,814ea5ca-d06a-48e1-9f10-599b0e881ee6,초등,여,유료학습생,초2학년,사용,G012,10,FALSE
324,b6aca169-4f7f-4998-93f0-42fe2b6f9aa9,초등,남,유료학습생,초2학년,사용,G012,10,FALSE
325,db4a0392-723c-4f4d-9bf5-921ada1e62c7,초등,남,유료학습생,초3학년,사용,G013,10,TRUE
326,7333a73a-d909-4bb6-88ef-579f16e7d62e,초등,남,유료학습생,초3학년,사용,G013,10,FALSE
327,80754838-1758-476f-bdc9-de285ee061f5,초등,여,유료학습생,초4학년,사용,G014,10,TRUE
328,dbb622f8-8d11-409e-ad0d-9ec1bc166b7e,초등,여,유료학습생,초5학년,사용,G015,30,TRUE
329,b4487ebe-ed01-4e25-8aca-ad32c210d438,초등,여,유료학습생,초2학년,사용,G012,10,FALSE
330,8ef21a60-82f8-4e0e-bbe6-f4afcb387fc5,초등,여,유료학습생,초5학년,사용,G015,10,TRUE
331,d60465f6-e902-43df-94dd-7c2cec8c38d1,초등,남,유료학습생,초3학년,사용,G013,10,FALSE
332,b5f41a42-23dd-4936-abbe-41b167146950,초등,여,유료학습생,초5학년,사용,G015,10,FALSE
333,392d4d84-3c2a-40e9-af12-cb9f21690d7a,초등,남,유료학습생,초5학년,사용,G015,30,FALSE
334,fde6adf7-8f31-4626-8078-bfbbdaeb3337,초등,남,유료학습생,초5학년,사용,G015,10,TRUE
335,a439d678-0521-4219-8f01-3e22040b6e07,초등,남,유료학습생,초3학년,사용,G013,10,FALSE
336,fa50846f-6acf-4854-ad0c-035936e8e2ef,초등,여,유료학습생,초6학년,사용,G016,10,FALSE
337,39e92a65-da05-4c62-9a60-ef3062b57908,초등,여,유료학습생,초2학년,사용,G012,10,TRUE
338,9424d95c-9f52-49d0-883b-1b4e45db8535,초등,남,유료학습생,초3학년,사용,G013,10,TRUE
339,cf4f2ddf-b4f1-47a5-84d5-8e5263adc21f,초등,여,유료학습생,초1학년,사용,G011,10,FALSE
340,912d0a45-36f8-40cb-856b-2b35af776c1d,초등,여,유료학습생,초2학년,사용,G012,30,FALSE
341,cc4eb505-1403-4749-9bc7-13da5ecb444e,초등,여,유료학습생,초4학년,사용,G014,30,TRUE
342,c1f29cb5-1311-4ede-b26b-57469669c2c0,초등,여,유료학습생,초6학년,사용,G016,10,FALSE
343,3bd2a0c5-253b-4e34-b95b-17f50f20b8b8,초등,남,유료학습생,초1학년,사용,G011,10,FALSE
344,ec6d258d-a97a-4c5d-98c6-2f34456b8aa7,초등,남,유료학습생,초1학년,사용,G011,10,FALSE
345,e423c61d-a171-4d88-89c9-5ebd9febc78f,초등,여,유료학습생,초5학년,사용,G015,10,FALSE
346,889973c9-bbd1-4168-8769-00112d69658a,초등,남,유료학습생,초3학년,사용,G013,10,TRUE
347,5f31df82-9841-415c-9e9a-55b5000aad23,초등,여,유료학습생,초2학년,사용,G012,10,FALSE
348,543db4c0-2945-4340-b045-40815867305f,초등,남,유료학습생,초5학년,사용,G015,10,TRUE
349,b6b369ae-1f7b-4809-b5de-79d3b41efcba,초등,남,유료학습생,초2학년,사용,G012,10,FALSE
350,a2d8e5e5-fd0e-4e4a-abfd-6dfa2ffb094b,초등,남,유료학습생,초4학년,사용,G014,10,FALSE
351,c977b6e3-de94-40a1-87de-96544b9287fe,초등,남,유료학습생,초3학년,사용,G013,10,FALSE
352,61d4b54d-7ab0-46c0-9c11-b5979525d315,초등,여,유료학습생,초4학년,사용,G014,10,TRUE
353,5f37e7ee-4f8f-477e-8212-d4e827a8c9cc,초등,정보없음,유료학습생,초1학년,사용,G011,10,FALSE
354,f26b2830-8756-4089-919e-f76ba9ec7d02,초등,여,유료학습생,초4학년,사용,G014,10,TRUE
355,e6fb827d-0167-45e4-8f95-16a03242a9d2,초등,여,유료학습생,초2학년,사용,G012,10,TRUE
356,901f3ff8-043a-47af-8e8f-b4e3e6309bc4,초등,남,유료학습생,초5학년,사용,G015,10,TRUE
357,948d5d0c-8613-4ad1-b647-72f5a52e9e80,초등,남,유료학습생,초2학년,사용,G012,10,TRUE
358,1cbc9ec4-94ff-45b2-a685-c79b428e3f22,초등,여,유료학습생,초3학년,사용,G013,10,TRUE
359,db965a9f-9e17-456a-b72f-a8acba859555,초등,남,유료학습생,초5학년,사용,G015,30,FALSE
360,8dc8e369-95ad-43f2-a0fa-fee0d1b0bea8,초등,남,유료학습생,초1학년,사용,G011,10,FALSE
361,24d2ef7c-3ba1-444a-a78d-532a622c90e8,초등,여,유료학습생,초4학년,사용,G014,10,TRUE
362,29a755b5-6002-49aa-8a2e-3b23c72fa74f,초등,남,유료학습생,초5학년,사용,G015,10,TRUE
363,ff8b0eac-f1e7-4065-9087-a3d5bd0d9bd3,초등,남,유료학습생,초4학년,사용,G014,10,TRUE
364,21b8a760-a0e4-450e-a498-ee486270a22d,초등,남,유료학습생,초1학년,사용,G011,10,FALSE
365,581de347-9264-4284-9443-966058b16f8e,초등,남,유료학습생,초6학년,사용,G016,10,TRUE
366,3f50d78c-5666-450b-bffd-d39043d3cbb1,초등,남,유료학습생,초4학년,사용,G014,10,TRUE
367,142336ee-2227-42f5-843d-61acdabf29b1,초등,여,유료학습생,초3학년,사용,G013,10,FALSE
368,c168b012-6984-470d-9fde-c0dbcda57232,초등,여,유료학습생,초3학년,사용,G013,10,FALSE
369,e990e391-a0fd-40c4-a236-ee7910c1d599,초등,남,유료학습생,초3학년,사용,G013,10,TRUE
370,2f153243-2f10-42dd-bae3-42c46e2ced20,초등,여,유료학습생,초3학년,사용,G013,10,TRUE
371,a4b37550-7fcc-4e1b-8831-b854ead9a514,초등,남,유료학습생,초4학년,사용,G014,10,TRUE
372,fcf8faa2-dec8-43ca-83b1-86062ff2b508,초등,여,유료학습생,초6학년,사용,G016,10,FALSE
373,73db9828-b713-41fd-b3bd-4d9c37a0a212,초등,남,유료학습생,초5학년,사용,G015,10,FALSE
374,c330c1f1-947e-4073-a7c3-30960a17e75d,초등,남,유료학습생,초1학년,사용,G011,10,FALSE
375,809079d1-9e36-4254-842d-395e0b2272fd,초등,남,유료학습생,초6학년,사용,G016,10,TRUE
376,e0374fff-8814-40cc-93af-321922c6b6d3,초등,남,유료학습생,초1학년,사용,G011,10,FALSE
377,df767b30-71a8-4ed3-821a-7fa61faedd21,초등,남,유료학습생,초4학년,사용,G014,10,FALSE
378,61dc6f04-9625-4d0f-bab6-de53a9330934,초등,남,유료학습생,초1학년,사용,G011,10,FALSE
379,1b4ce9f2-e7d3-4b8e-9454-d270aec6f8dc,초등,남,유료학습생,초4학년,사용,G014,10,TRUE
380,f31e5be6-7678-46dd-abcd-2d07884aebd1,초등,남,유료학습생,초6학년,사용,G016,10,FALSE
381,89882334-a14a-4f41-8002-a518f1d0e848,초등,여,유료학습생,초6학년,사용,G016,10,TRUE
382,61de22b1-468c-4c42-b286-bd01ef37c196,초등,여,유료학습생,초5학년,사용,G015,30,TRUE
383,308c9952-334d-4b7b-9c5e-169d5776cb6b,초등,남,유료학습생,초3학년,사용,G013,10,FALSE
384,d38f7bbb-703f-43e2-99e2-2aa71219ac5f,초등,남,유료학습생,초5학년,사용,G015,10,TRUE
385,9ba14d5b-78e1-4b0f-85fe-034cfd90608c,초등,여,유료학습생,초3학년,사용,G013,10,FALSE
386,21098b57-23d4-41c1-9ec5-a110b2cb420d,초등,여,유료학습생,초5학년,사용,G015,10,TRUE
387,7530fe40-9b93-41f6-adf2-6ec7175f59b5,초등,여,유료학습생,초2학년,사용,G012,10,FALSE
388,7b16fc34-0db9-4a84-b5eb-13c7a09b8f18,초등,남,유료학습생,초3학년,사용,G013,10,FALSE
389,74a1705e-0e0d-4df3-98c8-8cc439c1503e,초등,여,유료학습생,초4학년,사용,G014,10,FALSE
390,7476cb35-7d83-4bdc-8821-dcbf6951d799,초등,남,유료학습생,초1학년,사용,G011,10,FALSE
391,25861c2b-4e86-4fa3-9e71-e8c96f59ce9e,초등,여,유료학습생,초2학년,사용,G012,10,FALSE
392,36ea8b4f-0d86-42ea-95f1-f15f1fd5faf1,초등,여,유료학습생,초5학년,사용,G015,10,TRUE
393,5a8d14e0-4e34-47a0-aaf7-e9b8774d68c2,초등,남,유료학습생,초1학년,사용,G011,10,FALSE
394,01fcd7c8-2f70-40c2-a914-d9e9dc4e7f18,초등,남,유료학습생,초2학년,사용,G012,10,FALSE
395,f74e7e42-2aa5-4227-bb8c-dc501ded1e40,초등,남,유료학습생,초2학년,사용,G012,10,FALSE
396,55b5d38b-dcac-47e2-b635-f68e00ce4550,초등,여,유료학습생,초4학년,사용,G014,10,FALSE
397,c8b0ceb1-bf41-4d65-9b8b-27e8fe1dd65b,초등,남,유료학습생,초5학년,사용,G015,10,FALSE
398,6c85cefd-f899-4030-9bae-72e803b08fd0,초등,남,유료학습생,초4학년,사용,G014,10,TRUE
399,6cd485c5-7240-4ab8-b45b-c412c77a355a,초등,남,유료학습생,초5학년,사용,G015,10,FALSE
400,64a74d7b-0cbd-4229-b2a9-654d5ce3a802,초등,남,유료학습생,초2학년,사용,G012,10,FALSE
401,c136bb5a-542f-4786-b5ca-9eaee48cc55e,초등,남,유료학습생,초6학년,사용,G016,10,TRUE
402,dd634f92-320b-45b9-8171-83211ba06130,초등,여,유료학습생,초2학년,사용,G012,10,FALSE
403,afcd8eb1-aec6-4764-9306-6b5c75e77f11,초등,남,유료학습생,초2학년,사용,G012,30,FALSE
404,90c76a8b-1c5d-4c7e-9741-7cf8c683d6cc,초등,여,유료학습생,초3학년,사용,G013,10,FALSE
405,82a6ac74-4d17-4a0f-a923-953a42b5a04f,초등,여,유료학습생,초4학년,사용,G014,10,FALSE
406,68815f30-8fef-45d9-be1d-945c75e12e74,초등,남,유료학습생,초2학년,사용,G012,10,FALSE
407,1b3c11df-f807-4a33-beb3-1d498178cf7e,초등,남,유료학습생,초3학년,사용,G013,10,TRUE
408,4e0831d6-009c-4dd9-96f6-36553b7e1ca1,초등,여,유료학습생,초5학년,사용,G015,10,TRUE
409,691f1f54-95c8-469d-8e79-8187a148e994,초등,남,유료학습생,초6학년,사용,G016,10,TRUE
410,cbd08883-0702-42a6-b62e-fd2186dbdd9e,초등,남,유료학습생,초1학년,사용,G011,10,FALSE
411,4b2d1d1b-4b7e-4b97-8c5d-f73a6535f11e,초등,남,유료학습생,초3학년,사용,G013,10,FALSE
412,f9587369-0e1a-4957-9047-4a9da93c8b2d,초등,정보없음,유료학습생,초3학년,사용,G013,10,FALSE
413,f150fddf-8c74-4fa7-b05e-2ba7ee6324e0,초등,남,유료학습생,초4학년,사용,G014,10,FALSE
414,2af448d1-23b0-4284-b18d-50121f76b5ee,초등,남,유료학습생,초3학년,사용,G013,10,FALSE
415,c30e3601-cf1f-452a-8d61-6d0ef12f1061,초등,여,유료학습생,초3학년,사용,G013,10,FALSE
416,b550f8ff-6a75-49d3-87dd-a953ffe2cdb9,초등,여,유료학습생,초2학년,사용,G012,10,FALSE
417,2db08b50-e264-43ee-8f30-12239fb74789,초등,남,유료학습생,초2학년,사용,G012,10,FALSE
418,f3bdfd79-1181-4b25-bd3c-9ee290153c23,초등,남,유료학습생,초4학년,사용,G014,10,TRUE
419,9b7872b3-db8c-4432-a645-a1d41c20edb2,초등,남,유료학습생,초2학년,사용,G012,10,FALSE
420,82082469-8754-48e2-a726-97d1e17c1bcf,초등,남,유료학습생,초4학년,사용,G014,10,TRUE
421,527245e7-3985-451f-9ac4-c66674d0e980,초등,여,유료학습생,초1학년,사용,G011,10,FALSE
422,791cd6f7-ce4d-4759-a718-d7dfbfb23bbb,초등,여,유료학습생,초5학년,사용,G015,10,TRUE
423,cc8778d3-c8b2-44c2-845c-29d38ccd80ce,초등,여,유료학습생,초1학년,사용,G011,10,FALSE
424,96ad8180-677d-4e6f-88cd-03665fe6dcd6,초등,남,유료학습생,초1학년,사용,G011,10,FALSE
425,dfa28a74-b385-4657-931a-354dc53a6164,초등,여,유료학습생,초2학년,사용,G012,10,FALSE
426,e7dd8d0b-a327-4de2-8c6d-993582292c3c,초등,남,유료학습생,초5학년,사용,G015,10,TRUE
427,9009db1c-9b39-45a5-a387-d446fd47824a,초등,남,유료학습생,초2학년,사용,G012,10,FALSE
428,41c890e4-66e8-477a-8b2a-da17650244ab,초등,남,유료학습생,초2학년,사용,G012,30,FALSE
429,437d7e06-7554-4224-8425-61858a1798b1,초등,남,유료학습생,초4학년,사용,G014,10,TRUE
430,e575ffa6-313f-4c64-9a66-58d1291b6cd9,초등,정보없음,유료학습생,초3학년,사용,G013,10,FALSE
431,2d0a5545-df9a-4a31-b34a-a244c573bc4d,초등,여,유료학습생,초6학년,사용,G016,10,TRUE
432,d442e20d-d5e4-404f-b09e-92d7d82c51d8,초등,남,유료학습생,초6학년,사용,G016,10,TRUE
433,332c36ba-21a6-4eb0-a781-0209d88be53b,초등,여,유료학습생,초5학년,사용,G015,10,TRUE
434,44113864-2a5c-4710-97d5-23044a4690e5,초등,여,유료학습생,초2학년,사용,G012,10,FALSE
435,02525136-6e74-4118-9306-1ba7f80ddb5b,초등,여,유료학습생,초1학년,사용,G011,10,FALSE
436,ad1da197-80cc-466f-bc35-0a307f69b592,초등,남,유료학습생,초2학년,사용,G012,10,FALSE
437,c64adc5c-0b34-4186-a1df-5105c8d9a60d,초등,남,유료학습생,초1학년,사용,G011,10,FALSE
438,d4f34e04-13b2-438c-a0aa-335fa356e2c0,초등,여,유료학습생,초3학년,사용,G013,10,FALSE
439,cd315706-b954-4416-b749-866a33b0e472,초등,여,유료학습생,초2학년,사용,G012,10,FALSE
440,ba690d25-895a-4cf9-bf7c-0a56482c3cb8,초등,남,유료학습생,초5학년,사용,G015,10,FALSE
441,fe178c66-62c9-4cc2-a7ae-d8ce6b751be1,초등,남,유료학습생,초4학년,사용,G014,10,FALSE
442,1dfdf743-2002-4be8-9bab-4b907bc8afe3,초등,남,유료학습생,초6학년,사용,G016,10,FALSE
443,1e7bc5b4-4c7a-4e26-b4bb-5cb6182a812d,초등,남,유료학습생,초3학년,사용,G013,10,FALSE
444,050e6435-45f0-4df8-bd11-d06a3e73c604,초등,여,유료학습생,초5학년,사용,G015,10,TRUE
445,3465cb57-810c-4a6f-953a-f52e2c8b515a,초등,남,유료학습생,초5학년,사용,G015,10,TRUE
446,0e151532-0711-4740-a166-73abd26a8021,초등,남,유료학습생,초6학년,사용,G016,10,FALSE
447,d0c3c4d5-2df7-4e71-ad04-7a951fa66d69,초등,남,유료학습생,초5학년,사용,G015,10,FALSE
448,94fd8d26-24cf-4157-b4a6-993b39a2ca7d,초등,남,유료학습생,초3학년,사용,G013,10,FALSE
449,459ed903-0a3d-4ff9-8ce1-62145810ddfc,초등,남,유료학습생,초4학년,사용,G014,10,TRUE
450,058f5d2c-a474-4467-bdea-af154bca8c01,초등,남,유료학습생,초5학년,사용,G015,10,FALSE
451,72b219ce-0bfd-4359-8330-6c99e2ade2f7,초등,여,유료학습생,초2학년,사용,G012,10,FALSE
452,e482364c-d76f-4f38-bb59-8ec98cd728a5,초등,정보없음,유료학습생,초2학년,사용,G012,10,FALSE
453,870924e5-c905-4fb1-b334-bba9c61ee49d,초등,남,유료학습생,초4학년,사용,G014,10,FALSE
454,d4e3de77-7f35-44f8-9305-a7a80d24a451,초등,남,유료학습생,초1학년,사용,G011,30,FALSE
455,d887d311-a1b3-4871-b928-d0aa091b00d2,초등,남,유료학습생,초3학년,사용,G013,10,FALSE
456,1dd2976b-f9f1-4b43-a3e7-f9c7bd5e753e,초등,여,유료학습생,초4학년,사용,G014,10,FALSE
457,e7302050-34dd-470b-a7f1-a207fa6ed9dd,초등,남,유료학습생,초3학년,사용,G013,10,FALSE
458,22604181-b08d-4534-a16d-8acf475ed117,초등,남,유료학습생,초3학년,사용,G013,10,TRUE
459,44abecc7-f36d-4571-9fd9-84ee9433fe17,초등,여,유료학습생,초4학년,사용,G014,10,TRUE
460,e75b334b-5a1e-4ec5-aa71-85ac2d7dfcd4,초등,여,유료학습생,초2학년,사용,G012,10,TRUE
461,733ed876-a4dd-4182-9b60-84ee701a3e10,초등,여,유료학습생,초5학년,사용,G015,10,TRUE
462,90482bea-f5c9-4509-a055-9b396299bf79,초등,남,유료학습생,초5학년,사용,G015,10,FALSE
463,3583bb8b-b54b-4b28-ab12-7a9aa937ee76,초등,정보없음,유료학습생,초4학년,사용,G014,10,FALSE
464,0c7457e3-3477-46f2-bbee-c45e679e646f,초등,정보없음,유료학습생,초5학년,사용,G015,10,FALSE
465,4078d49c-1b65-496b-b8b8-12a3095d8824,초등,여,유료학습생,초6학년,사용,G016,10,FALSE
466,438b6a8c-98c3-444f-8437-1e49923185f5,초등,남,유료학습생,초3학년,사용,G013,10,FALSE
467,29262235-2b16-40e4-8ea2-3e71720ead94,초등,남,유료학습생,초3학년,사용,G013,10,FALSE
468,e0340fcc-d9d4-41cc-bf07-65c2e0c80310,초등,남,유료학습생,초2학년,사용,G012,10,TRUE
469,bfa1fac1-cd2d-43af-aa33-e3eaa6d1b370,초등,여,유료학습생,초5학년,사용,G015,10,TRUE
470,0aa8df6c-b118-4f4d-b5f9-6365954d90a4,초등,남,유료학습생,초1학년,사용,G011,10,FALSE
471,f0217de9-72ec-4ec7-b8b3-e2481c961d2b,초등,남,유료학습생,초4학년,사용,G014,10,FALSE
472,cb26a095-2e96-4fbc-9176-bcda09eb5d19,초등,남,유료학습생,초1학년,사용,G011,10,FALSE
473,e9f39515-35b9-4f69-86a2-47f25f0c1302,초등,정보없음,유료학습생,초5학년,사용,G015,10,TRUE
474,aa14aa71-84ae-4996-9e00-4806291dbfdb,초등,여,유료학습생,초1학년,사용,G011,10,FALSE
475,f0483b46-8cd0-4fc0-b568-752a1141a64c,초등,여,유료학습생,초2학년,사용,G012,10,FALSE
476,fb29017c-7a70-4f93-912c-493facdc3d08,초등,남,유료학습생,초3학년,사용,G013,10,FALSE
477,a04d1047-6bfa-4312-a32a-f01a3783906f,초등,남,유료학습생,초4학년,사용,G014,10,FALSE
478,015d0955-3e83-4148-9901-ac14d67953eb,초등,여,유료학습생,초3학년,사용,G013,10,TRUE
479,4ff6b0f7-edaf-4262-bb75-367765522d0d,초등,남,유료학습생,초2학년,사용,G012,10,FALSE
480,8277dc26-4447-4df7-8f13-ceb1f3a4f789,초등,여,유료학습생,초3학년,사용,G013,10,FALSE
481,520bf04f-98f4-4766-b423-65ec687dc8bf,초등,남,유료학습생,초2학년,사용,G012,10,FALSE
482,6d96c2fd-9665-420d-9377-6d7ef9e0a0a3,초등,여,유료학습생,초3학년,사용,G013,10,FALSE
483,8910c419-36d2-409f-a994-aa7d7eebf00c,초등,남,유료학습생,초3학년,사용,G013,10,FALSE
484,dad93565-58fc-455b-bc2f-1a55f16bea07,초등,남,유료학습생,초4학년,사용,G014,10,FALSE
485,a688588a-1f14-447b-aa45-28181f905f90,초등,여,유료학습생,초1학년,사용,G011,10,TRUE
486,eb805cab-aabf-4226-bd2f-1460fd126551,초등,정보없음,유료학습생,초3학년,사용,G013,10,FALSE
487,74c9aa07-24f3-4756-a023-724ee225f5d3,초등,여,유료학습생,초6학년,사용,G016,10,FALSE
488,82d36cfa-e3fa-4f1b-a0d4-5a98e83e7632,초등,여,유료학습생,초1학년,사용,G011,10,FALSE
489,11e5bf72-a658-4dab-82b9-85ce894e2cdd,초등,여,유료학습생,초4학년,사용,G014,10,TRUE
490,cde8e4d5-06f0-4fed-b27e-49959406b27c,초등,여,유료학습생,초3학년,사용,G013,10,FALSE
491,0b8fa6e9-4325-4ed1-94d7-4aeb06f7b56a,초등,남,유료학습생,초2학년,사용,G012,10,FALSE
492,62eca9b4-ea44-4ef1-9b54-81c48a101950,초등,남,유료학습생,초1학년,사용,G011,10,FALSE
493,9748085a-bd74-4693-b46d-3d014d04f0d3,초등,남,유료학습생,초2학년,사용,G012,10,FALSE
494,4aa771bc-241e-4c89-b9c5-59686ad82d68,초등,여,유료학습생,초1학년,사용,G011,10,FALSE
495,c71520ab-7d7e-48d5-b2b9-bb090f43e150,초등,여,유료학습생,초1학년,사용,G011,10,FALSE
496,13fe4c74-f903-48a4-8ae3-c83bef923c03,초등,여,유료학습생,초6학년,사용,G016,10,TRUE
497,c8c0eec6-b0bd-44f1-866b-6503d7e7287f,초등,남,유료학습생,초2학년,사용,G012,10,FALSE
498,1382f041-8f81-49ec-ae87-f5bc95423f0e,초등,남,유료학습생,초6학년,사용,G016,30,FALSE
499,41cb25c4-23a0-4750-9868-6ef9745aecaa,초등,여,유료학습생,초4학년,사용,G014,10,FALSE
